{"results":[{"barcodeFormat":"DataMatrix","barcodeText":"ABCD1234","barcodeBytes":"QUJDRDEyMzQ=","x1":66,"y1":120,"x2":9,"y2":120,"x3":9,"y3":64,"x4":66,"y4":64},{"barcodeFormat":"DataMatrix","barcodeText":"EFGHIKLM","barcodeBytes":"RUZHSElLTE0=","x1":81,"y1":149,"x2":149,"y2":149,"x3":149,"y3":77,"x4":81,"y4":77},{"barcodeFormat":"DataMatrix","barcodeText":"A1B2C3D4","barcodeBytes":"QTFCMkMzRDQ=","x1":220,"y1":84,"x2":164,"y2":84,"x3":164,"y3":141,"x4":220,"y4":141},{"barcodeFormat":"DataMatrix","barcodeText":"ABC","barcodeBytes":"QUJD","x1":9,"y1":136,"x2":69,"y2":136,"x3":69,"y3":194,"x4":9,"y4":194},{"barcodeFormat":"DataMatrix","barcodeText":"1234","barcodeBytes":"MTIzNA==","x1":8,"y1":9,"x2":48,"y2":9,"x3":48,"y3":50,"x4":8,"y4":50},{"barcodeFormat":"DataMatrix","barcodeText":"A1B2C3","barcodeBytes":"QTFCMkMz","x1":141,"y1":10,"x2":201,"y2":10,"x3":201,"y3":69,"x4":141,"y4":69}],"elapsedTime":158}