{"results":[{"barcodeFormat":"DataMatrix","barcodeText":"This is a large Data Matrix No 2","barcodeBytes":"VGhpcyBpcyBhIGxhcmdlIERhdGEgTWF0cml4IE5vIDI=","x1":18,"y1":114,"x2":99,"y2":114,"x3":99,"y3":210,"x4":18,"y4":210},{"barcodeFormat":"DataMatrix","barcodeText":"This is a large Data Matrix No 2","barcodeBytes":"VGhpcyBpcyBhIGxhcmdlIERhdGEgTWF0cml4IE5vIDI=","x1":132,"y1":116,"x2":213,"y2":116,"x3":213,"y3":213,"x4":132,"y4":213},{"barcodeFormat":"DataMatrix","barcodeText":"This is Data Matrix No 3","barcodeBytes":"VGhpcyBpcyBEYXRhIE1hdHJpeCBObyAz","x1":27,"y1":325,"x2":90,"y2":325,"x3":90,"y3":229,"x4":27,"y4":229},{"barcodeFormat":"DataMatrix","barcodeText":"X9Y8Z7","barcodeBytes":"WDlZOFo3","x1":235,"y1":283,"x2":223,"y2":283,"x3":223,"y3":349,"x4":235,"y4":349}],"elapsedTime":712}