{"results":[{"barcodeFormat":"DATAMATRIX","barcodeText":"XYZ","barcodeBytes":"WFla","confidence":100,"x1":199,"y1":273,"x2":144,"y2":296,"x3":122,"y3":240,"x4":176,"y4":218},{"barcodeFormat":"DATAMATRIX","barcodeText":"This is a large Data Matrix No 1","barcodeBytes":"VGhpcyBpcyBhIGxhcmdlIERhdGEgTWF0cml4IE5vIDE=","confidence":98,"x1":18,"y1":10,"x2":104,"y2":17,"x3":97,"y3":104,"x4":10,"y4":96},{"barcodeFormat":"DATAMATRIX","barcodeText":"This is a large Data Matrix No 1","barcodeBytes":"VGhpcyBpcyBhIGxhcmdlIERhdGEgTWF0cml4IE5vIDE=","confidence":98,"x1":134,"y1":11,"x2":221,"y2":19,"x3":214,"y3":106,"x4":126,"y4":99},{"barcodeFormat":"DATAMATRIX","barcodeText":"This is a large Data Matrix No 2","barcodeBytes":"VGhpcyBpcyBhIGxhcmdlIERhdGEgTWF0cml4IE5vIDI=","confidence":98,"x1":11,"y1":121,"x2":97,"y2":113,"x3":105,"y3":201,"x4":18,"y4":208},{"barcodeFormat":"DATAMATRIX","barcodeText":"This is a large Data Matrix No 2","barcodeBytes":"VGhpcyBpcyBhIGxhcmdlIERhdGEgTWF0cml4IE5vIDI=","confidence":98,"x1":126,"y1":123,"x2":213,"y2":115,"x3":221,"y3":203,"x4":133,"y4":210},{"barcodeFormat":"DATAMATRIX","barcodeText":"This is Data Matrix No 3","barcodeBytes":"VGhpcyBpcyBEYXRhIE1hdHJpeCBObyAz","confidence":98,"x1":106,"y1":245,"x2":90,"y2":323,"x3":10,"y3":306,"x4":27,"y4":228},{"barcodeFormat":"DATAMATRIX","barcodeText":"X9Y8Z7","barcodeBytes":"WDlZOFo3","confidence":95,"x1":193,"y1":318,"x2":221,"y2":279,"x3":262,"y3":309,"x4":234,"y4":348}],"elapsedTime":23}