{"results":[{"barcodeFormat":"DATAMATRIX","barcodeText":"1234","barcodeBytes":"MTIzNA==","confidence":100,"x1":9,"y1":10,"x2":48,"y2":10,"x3":48,"y3":49,"x4":9,"y4":49},{"barcodeFormat":"DATAMATRIX","barcodeText":"ABC","barcodeBytes":"QUJD","confidence":100,"x1":9,"y1":134,"x2":68,"y2":134,"x3":68,"y3":193,"x4":9,"y4":193},{"barcodeFormat":"DATAMATRIX","barcodeText":"XYZ","barcodeBytes":"WFla","confidence":100,"x1":221,"y1":204,"x2":162,"y2":204,"x3":162,"y3":145,"x4":221,"y4":145},{"barcodeFormat":"DATAMATRIX","barcodeText":"A1B2C3","barcodeBytes":"QTFCMkMz","confidence":99,"x1":142,"y1":9,"x2":201,"y2":9,"x3":201,"y3":68,"x4":142,"y4":68},{"barcodeFormat":"DATAMATRIX","barcodeText":"ABCD","barcodeBytes":"QUJDRA==","confidence":99,"x1":70,"y1":58,"x2":70,"y2":11,"x3":117,"y3":11,"x4":117,"y4":58},{"barcodeFormat":"DATAMATRIX","barcodeText":"EFGHIKLM","barcodeBytes":"RUZHSElLTE0=","confidence":99,"x1":150,"y1":77,"x2":150,"y2":146,"x3":81,"y3":146,"x4":81,"y4":77},{"barcodeFormat":"DATAMATRIX","barcodeText":"ABCD1234","barcodeBytes":"QUJDRDEyMzQ=","confidence":99,"x1":65,"y1":118,"x2":10,"y2":118,"x3":10,"y3":63,"x4":65,"y4":63},{"barcodeFormat":"DATAMATRIX","barcodeText":"A1B2C3D4","barcodeBytes":"QTFCMkMzRDQ=","confidence":99,"x1":165,"y1":139,"x2":165,"y2":84,"x3":220,"y3":84,"x4":220,"y4":139},{"barcodeFormat":"DATAMATRIX","barcodeText":"X9Y8Z7","barcodeBytes":"WDlZOFo3","confidence":99,"x1":144,"y1":201,"x2":97,"y2":201,"x3":97,"y3":154,"x4":144,"y4":154}],"elapsedTime":69}