{"results":[{"barcodeFormat":"DataMatrix","barcodeText":"A1234","barcodeBytes":"QTEyMzQ=","x1":90,"y1":120,"x2":31,"y2":120,"x3":31,"y3":122,"x4":90,"y4":122},{"barcodeFormat":"DataMatrix","barcodeText":"ABCDEFG1234567","barcodeBytes":"QUJDREVGRzEyMzQ1Njc=","x1":225,"y1":157,"x2":132,"y2":157,"x3":132,"y3":158,"x4":225,"y4":158},{"barcodeFormat":"DataMatrix","barcodeText":"Test1234","barcodeBytes":"VGVzdDEyMzQ=","x1":41,"y1":0,"x2":43,"y2":0,"x3":43,"y3":80,"x4":41,"y4":80},{"barcodeFormat":"DataMatrix","barcodeText":"Test1234","barcodeBytes":"VGVzdDEyMzQ=","x1":226,"y1":88,"x2":228,"y2":88,"x3":228,"y3":9,"x4":226,"y4":9},{"barcodeFormat":"DataMatrix","barcodeText":"Test1234","barcodeBytes":"VGVzdDEyMzQ=","x1":85,"y1":52,"x2":164,"y2":52,"x3":164,"y3":52,"x4":85,"y4":52}],"elapsedTime":25}