{"results":[{"y2":63,"x2":63,"barcodeText":"ABCD1234","x4":11,"y1":63,"x1":11,"x3":63,"y4":117,"barcodeFormat":"DataMatrix","y3":117},{"y2":135,"x2":66,"barcodeText":"ABC","x4":10,"y1":135,"x1":10,"x3":67,"y4":192,"barcodeFormat":"DataMatrix","y3":191},{"y2":12,"x2":116,"barcodeText":"ABCD","x4":71,"y1":12,"x1":71,"x3":116,"y4":57,"barcodeFormat":"DataMatrix","y3":57},{"y2":9,"x2":199,"barcodeText":"A1B2C3","x4":143,"y1":9,"x1":142,"x3":200,"y4":66,"barcodeFormat":"DataMatrix","y3":66},{"y2":154,"x2":142,"barcodeText":"X9Y8Z7","x4":98,"y1":155,"x1":98,"x3":142,"y4":200,"barcodeFormat":"DataMatrix","y3":199},{"y2":10,"x2":48,"barcodeText":"1234","x4":8,"y1":10,"x1":8,"x3":48,"y4":49,"barcodeFormat":"DataMatrix","y3":48}],"elapsedTime":61}