{"results":[{"barcodeFormat":"DATAMATRIX","barcodeText":"A1234","barcodeBytes":"QTEyMzQ=","confidence":100,"x1":62,"y1":148,"x2":32,"y2":120,"x3":60,"y3":92,"x4":89,"y4":120},{"barcodeFormat":"DATAMATRIX","barcodeText":"Test1234","barcodeBytes":"VGVzdDEyMzQ=","confidence":99,"x1":126,"y1":11,"x2":165,"y2":51,"x3":124,"y3":91,"x4":85,"y4":51},{"barcodeFormat":"DATAMATRIX","barcodeText":"Test1234","barcodeBytes":"VGVzdDEyMzQ=","confidence":99,"x1":266,"y1":48,"x2":226,"y2":87,"x3":187,"y3":48,"x4":226,"y4":8},{"barcodeFormat":"DATAMATRIX","barcodeText":"Test1234","barcodeBytes":"VGVzdDEyMzQ=","confidence":95,"x1":1,"y1":36,"x2":41,"y2":0,"x3":81,"y3":40,"x4":42,"y4":78},{"barcodeFormat":"DATAMATRIX","barcodeText":"ABCDEFG1234567","barcodeBytes":"QUJDREVGRzEyMzQ1Njc=","confidence":94,"x1":176,"y1":202,"x2":131,"y2":156,"x3":179,"y3":111,"x4":223,"y4":157}],"elapsedTime":90}