{"elapsedTime":73,"results":[{"x2":226,"x4":225,"x1":188,"barcodeFormat":"DataMatrix","barcodeText":"Test1234","y1":48,"x3":265,"y2":9,"y4":86,"y3":47},{"x2":178,"x4":177,"x1":135,"barcodeFormat":"DataMatrix","barcodeText":"ABCDEFG1234567","y1":157,"x3":222,"y2":113,"y4":199,"y3":156},{"x2":163,"x4":86,"x1":124,"barcodeFormat":"DataMatrix","barcodeText":"Test1234","y1":12,"x3":125,"y2":52,"y4":51,"y3":90},{"x2":89,"x4":33,"x1":60,"barcodeFormat":"DataMatrix","barcodeText":"A1234","y1":92,"x3":61,"y2":119,"y4":121,"y3":148}]}