{"results":[{"x2":104,"x3":88,"x4":13,"barcodeText":"This is Data Matrix No 3","y4":305,"barcodeFormat":"DataMatrix","y2":245,"y3":321,"y1":229,"x1":29},{"x2":218,"x3":212,"x4":127,"barcodeText":"This is a large Data Matrix No 1","y4":98,"barcodeFormat":"DataMatrix","y2":20,"y3":105,"y1":12,"x1":135},{"y1":11,"x3":96,"x4":10,"x1":18,"y4":95,"y2":19,"barcodeText":"This is a large Data Matrix No 1","barcodeFormat":"DataMatrix","y3":103,"x2":104},{"y1":282,"x3":235,"x4":196,"x1":222,"y4":319,"y2":309,"barcodeText":"X9Y8Z7","barcodeFormat":"DataMatrix","y3":346,"x2":260},{"y1":124,"x3":219,"x4":135,"x1":126,"y4":209,"y2":117,"barcodeText":"This is a large Data Matrix No 2","barcodeFormat":"DataMatrix","y3":202,"x2":212},{"y1":122,"x3":105,"x4":20,"x1":11,"y4":208,"y2":115,"barcodeText":"This is a large Data Matrix No 2","barcodeFormat":"DataMatrix","y3":199,"x2":96},{"y1":241,"x3":198,"x4":144,"x1":122,"y4":293,"y2":219,"barcodeText":"XYZ","barcodeFormat":"DataMatrix","y3":272,"x2":176}],"elapsedTime":61}