{"results":[{"barcodeFormat":"DATAMATRIX","barcodeText":"W004245700140","barcodeBytes":"VzAwNDI0NTcwMDE0MA==","confidence":97,"x1":492,"y1":137,"x2":408,"y2":149,"x3":396,"y3":62,"x4":480,"y4":50},{"barcodeFormat":"DATAMATRIX","barcodeText":"W004245700126","barcodeBytes":"VzAwNDI0NTcwMDEyNg==","confidence":86,"x1":546,"y1":490,"x2":531,"y2":409,"x3":612,"y3":391,"x4":626,"y4":470},{"barcodeFormat":"DATAMATRIX","barcodeText":"W004245700122","barcodeBytes":"VzAwNDI0NTcwMDEyMg==","confidence":85,"x1":289,"y1":474,"x2":231,"y2":514,"x3":188,"y3":457,"x4":254,"y4":417}],"elapsedTime":219}