{"results":[{"barcodeFormat":"DataMatrix","barcodeText":"W004109200001","barcodeBytes":"VzAwNDEwOTIwMDAwMQ==","x1":393,"y1":551,"x2":470,"y2":551,"x3":470,"y3":512,"x4":393,"y4":512},{"barcodeFormat":"DataMatrix","barcodeText":"W004109200003","barcodeBytes":"VzAwNDEwOTIwMDAwMw==","x1":183,"y1":144,"x2":125,"y2":144,"x3":125,"y3":212,"x4":183,"y4":212},{"barcodeFormat":"DataMatrix","barcodeText":"W004109200002","barcodeBytes":"VzAwNDEwOTIwMDAwMg==","x1":408,"y1":202,"x2":431,"y2":202,"x3":431,"y3":114,"x4":408,"y4":114},{"barcodeFormat":"DataMatrix","barcodeText":"W004109200003","barcodeBytes":"VzAwNDEwOTIwMDAwMw==","x1":156,"y1":538,"x2":137,"y2":538,"x3":137,"y3":452,"x4":156,"y4":452}],"elapsedTime":7720}