{"results":[{"barcodeFormat":"DATAMATRIX","barcodeText":"W004109200003","barcodeBytes":"VzAwNDEwOTIwMDAwMw==","confidence":94,"x1":118,"y1":206,"x2":124,"y2":142,"x3":187,"y3":147,"x4":182,"y4":211},{"barcodeFormat":"DATAMATRIX","barcodeText":"W004109200003","barcodeBytes":"VzAwNDEwOTIwMDAwMw==","confidence":93,"x1":189,"y1":502,"x2":135,"y2":540,"x3":105,"y3":485,"x4":156,"y4":452},{"barcodeFormat":"DATAMATRIX","barcodeText":"W004109200002","barcodeBytes":"VzAwNDEwOTIwMDAwMg==","confidence":92,"x1":462,"y1":144,"x2":435,"y2":203,"x3":377,"y3":169,"x4":408,"y4":114},{"barcodeFormat":"DATAMATRIX","barcodeText":"W004109200001","barcodeBytes":"VzAwNDEwOTIwMDAwMQ==","confidence":91,"x1":451,"y1":490,"x2":471,"y2":548,"x3":413,"y3":569,"x4":392,"y4":510}],"elapsedTime":919}