{"results":[{"barcodeFormat":"DataMatrix","barcodeText":"support@gmail.com","barcodeBytes":"c3VwcG9ydEBnbWFpbC5jb20=","x1":92,"y1":240,"x2":221,"y2":240,"x3":221,"y3":369,"x4":92,"y4":369},{"barcodeFormat":"DataMatrix","barcodeText":"support@gmail.com","barcodeBytes":"c3VwcG9ydEBnbWFpbC5jb20=","x1":385,"y1":246,"x2":508,"y2":246,"x3":508,"y3":368,"x4":385,"y4":368},{"barcodeFormat":"DataMatrix","barcodeText":"support@gmail.com","barcodeBytes":"c3VwcG9ydEBnbWFpbC5jb20=","x1":682,"y1":243,"x2":805,"y2":243,"x3":805,"y3":367,"x4":682,"y4":367}],"elapsedTime":34934}