{"results":[{"barcodeFormat":"DATAMATRIX","barcodeText":"\u001d01076401343200201711040010WD2623","barcodeBytes":"HTAxMDc2NDAxMzQzMjAwMjAxNzExMDQwMDEwV0QyNjIz","confidence":98,"x1":112,"y1":135,"x2":158,"y2":171,"x3":115,"y3":222,"x4":69,"y4":182},{"barcodeFormat":"DATAMATRIX","barcodeText":"\u001d01076401343200201711040010WD2623","barcodeBytes":"HTAxMDc2NDAxMzQzMjAwMjAxNzExMDQwMDEwV0QyNjIz","confidence":97,"x1":180,"y1":59,"x2":229,"y2":92,"x3":188,"y3":138,"x4":140,"y4":104},{"barcodeFormat":"DATAMATRIX","barcodeText":"\u001d01076401343200201711040010WD2623","barcodeBytes":"HTAxMDc2NDAxMzQzMjAwMjAxNzExMDQwMDEwV0QyNjIz","confidence":97,"x1":408,"y1":95,"x2":462,"y2":133,"x3":428,"y3":182,"x4":374,"y4":142},{"barcodeFormat":"DATAMATRIX","barcodeText":"\u001d01076401343200201711040010WD2623","barcodeBytes":"HTAxMDc2NDAxMzQzMjAwMjAxNzExMDQwMDEwV0QyNjIz","confidence":97,"x1":345,"y1":173,"x2":402,"y2":216,"x3":362,"y3":272,"x4":305,"y4":227}],"elapsedTime":410}