{"results":[{"barcodeFormat":"DataMatrix","barcodeText":"01076401343200201711040010WD2623","barcodeBytes":"MDEwNzY0MDEzNDMyMDAyMDE3MTEwNDAwMTBXRDI2MjM=","x1":69,"y1":172,"x2":161,"y2":172,"x3":161,"y3":184,"x4":69,"y4":184},{"barcodeFormat":"DataMatrix","barcodeText":"01076401343200201711040010WD2623","barcodeBytes":"MDEwNzY0MDEzNDMyMDAyMDE3MTEwNDAwMTBXRDI2MjM=","x1":306,"y1":218,"x2":401,"y2":218,"x3":401,"y3":229,"x4":306,"y4":229},{"barcodeFormat":"DataMatrix","barcodeText":"01076401343200201711040010WD2623","barcodeBytes":"MDEwNzY0MDEzNDMyMDAyMDE3MTEwNDAwMTBXRDI2MjM=","x1":141,"y1":92,"x2":230,"y2":92,"x3":230,"y3":106,"x4":141,"y4":106},{"barcodeFormat":"DataMatrix","barcodeText":"01076401343200201711040010WD2623","barcodeBytes":"MDEwNzY0MDEzNDMyMDAyMDE3MTEwNDAwMTBXRDI2MjM=","x1":373,"y1":135,"x2":463,"y2":135,"x3":463,"y3":144,"x4":373,"y4":144}],"elapsedTime":748}