{"results":[{"barcodeFormat":"DATAMATRIX","barcodeText":"COHERNENT\r\nMATRIX UV\r\nJUNE2013","barcodeBytes":"Q09IRVJORU5UDQpNQVRSSVggVVYNCkpVTkUyMDEz","confidence":98,"x1":202,"y1":178,"x2":202,"y2":121,"x3":260,"y3":121,"x4":260,"y4":178},{"barcodeFormat":"DATAMATRIX","barcodeText":"COHERNENT\r\nMATRIX UV\r\nJUNE2013","barcodeBytes":"Q09IRVJORU5UDQpNQVRSSVggVVYNCkpVTkUyMDEz","confidence":98,"x1":115,"y1":184,"x2":115,"y2":118,"x3":181,"y3":118,"x4":181,"y4":184},{"barcodeFormat":"DATAMATRIX","barcodeText":"COHERNENT\r\nMATRIX UV\r\nJUNE2013","barcodeBytes":"Q09IRVJORU5UDQpNQVRSSVggVVYNCkpVTkUyMDEz","confidence":95,"x1":278,"y1":173,"x2":278,"y2":125,"x3":326,"y3":125,"x4":326,"y4":173}],"elapsedTime":214}