{"results":[{"barcodeFormat":"DATAMATRIX","barcodeText":"support@gmail.com","barcodeBytes":"c3VwcG9ydEBnbWFpbC5jb20=","confidence":98,"x1":92,"y1":239,"x2":221,"y2":239,"x3":221,"y3":368,"x4":92,"y4":368},{"barcodeFormat":"DATAMATRIX","barcodeText":"support@gmail.com","barcodeBytes":"c3VwcG9ydEBnbWFpbC5jb20=","confidence":98,"x1":682,"y1":241,"x2":805,"y2":241,"x3":805,"y3":366,"x4":682,"y4":366},{"barcodeFormat":"DATAMATRIX","barcodeText":"support@gmail.com","barcodeBytes":"c3VwcG9ydEBnbWFpbC5jb20=","confidence":98,"x1":386,"y1":245,"x2":508,"y2":245,"x3":508,"y3":367,"x4":386,"y4":367}],"elapsedTime":251}