{"results":[{"barcodeFormat":"DataMatrix","barcodeText":"DataMatrixCode4","barcodeBytes":"RGF0YU1hdHJpeENvZGU0","x1":199,"y1":130,"x2":262,"y2":130,"x3":262,"y3":246,"x4":199,"y4":246},{"barcodeFormat":"DataMatrix","barcodeText":"DataMatricCode","barcodeBytes":"RGF0YU1hdHJpY0NvZGU=","x1":14,"y1":17,"x2":80,"y2":17,"x3":80,"y3":85,"x4":14,"y4":85},{"barcodeFormat":"DataMatrix","barcodeText":"DataMatrixCode3","barcodeBytes":"RGF0YU1hdHJpeENvZGUz","x1":48,"y1":110,"x2":54,"y2":110,"x3":54,"y3":181,"x4":48,"y4":181}],"elapsedTime":361}