{"results":[{"barcodeFormat":"DATAMATRIX","barcodeText":"DataMatrixCode2","barcodeBytes":"RGF0YU1hdHJpeENvZGUy","confidence":98,"x1":167,"y1":4,"x2":232,"y2":50,"x3":199,"y3":124,"x4":122,"y4":80},{"barcodeFormat":"DATAMATRIX","barcodeText":"DataMatricCode","barcodeBytes":"RGF0YU1hdHJpY0NvZGU=","confidence":98,"x1":13,"y1":14,"x2":80,"y2":17,"x3":85,"y3":86,"x4":14,"y4":85},{"barcodeFormat":"DATAMATRIX","barcodeText":"DataMatrixCode3","barcodeBytes":"RGF0YU1hdHJpeENvZGUz","confidence":96,"x1":10,"y1":141,"x2":56,"y2":111,"x3":91,"y3":149,"x4":48,"y4":180},{"barcodeFormat":"DATAMATRIX","barcodeText":"DataMatrixCode4","barcodeBytes":"RGF0YU1hdHJpeENvZGU0","confidence":94,"x1":173,"y1":154,"x2":261,"y2":127,"x3":289,"y3":216,"x4":201,"y4":243}],"elapsedTime":218}