{"results":[{"barcodeFormat":"DATAMATRIX","barcodeText":"http://optional.is/required/","barcodeBytes":"aHR0cDovL29wdGlvbmFsLmlzL3JlcXVpcmVkLw==","confidence":98,"x1":41,"y1":15,"x2":100,"y2":35,"x3":94,"y3":95,"x4":33,"y4":74},{"barcodeFormat":"DATAMATRIX","barcodeText":"http://optional.is/required/","barcodeBytes":"aHR0cDovL29wdGlvbmFsLmlzL3JlcXVpcmVkLw==","confidence":97,"x1":153,"y1":83,"x2":211,"y2":82,"x3":223,"y3":138,"x4":163,"y4":141},{"barcodeFormat":"DATAMATRIX","barcodeText":"http://optional.is/required/","barcodeBytes":"aHR0cDovL29wdGlvbmFsLmlzL3JlcXVpcmVkLw==","confidence":97,"x1":89,"y1":138,"x2":120,"y2":183,"x3":55,"y3":211,"x4":27,"y4":164}],"elapsedTime":109}