{"results":[{"barcodeFormat":"DataMatrix","barcodeText":"http://optional.is/required/","barcodeBytes":"aHR0cDovL29wdGlvbmFsLmlzL3JlcXVpcmVkLw==","x1":164,"y1":83,"x2":210,"y2":83,"x3":210,"y3":142,"x4":164,"y4":142},{"barcodeFormat":"DataMatrix","barcodeText":"http://optional.is/required/","barcodeBytes":"aHR0cDovL29wdGlvbmFsLmlzL3JlcXVpcmVkLw==","x1":28,"y1":185,"x2":121,"y2":185,"x3":121,"y3":165,"x4":28,"y4":165},{"barcodeFormat":"DataMatrix","barcodeText":"http://optional.is/required/","barcodeBytes":"aHR0cDovL29wdGlvbmFsLmlzL3JlcXVpcmVkLw==","x1":33,"y1":35,"x2":99,"y2":35,"x3":99,"y3":75,"x4":33,"y4":75}],"elapsedTime":625}