{"info":{"name":"DataMatrix","creationTimestamp":1686724594783,"images":["DMX1a.jpg","DMX1b.jpg","DMX1c.jpg","DMX2a.jpg","DMX2b.jpg","DMX2c_big.jpg","DMX2d_big.jpg","DMX2e_small.jpg","DMX2f_small.jpg","DMX2g.jpg","DMX2h.jpg","DMX2i.jpg","DMX2j.jpg","DMX2k.jpg","DMX2l.jpg","DMX2m.jpg","DMX3a.jpg","DMX3b_big.jpg","DMX3c_small.jpg","DMX5a.jpg","DMX5aa.jpg","DMX5ab.jpg","DMX5ac.jpg","DMX5ad.jpg","DMX5ae.jpg","DMX5b.jpg","DMX5c.jpg","DMX5d.jpg","DMX5e.jpg","DMX5f.jpg","DMX5g.jpg","DMX5h.jpg","DMX5i.jpg","DMX5j.jpg","DMX5k.jpg","DMX5l.jpg","DMX5m.jpg","DMX5n.jpg","DMX5p.jpg","DMX5q.jpg","DMX5r.jpg","DMX5s.jpg","DMX5t.jpg","DMX5u.jpg","DMX5v.jpg","DMX5w.jpg","DMX5x.jpg","DMX5y.jpg","DMX5z.jpg","DMX6a.jpg","DMX6b.jpg","DMX6c.jpg","DMX6d.jpg","DMX6e.jpg","DMX6f.jpg","DMX6g.jpg","DMX6h.jpg"]},"isRemote":false}