{"info":{"name":"PDF417","creationTimestamp":1686882841785,"images":["Excise_stamp_0002.jpg","Excise_stamp_0004.jpg","Excise_stamp_0007.jpg","Excise_stamp_0014.jpg","Excise_stamp_0015.jpg","Excise_stamp_0016.jpg","Excise_stamp_0018.jpg","Excise_stamp_0020.jpg","Excise_stamp_0022.jpg","Excise_stamp_0024.jpg","Excise_stamp_0025.jpg","Excise_stamp_0026.jpg","Excise_stamp_0028.jpg","Excise_stamp_0029.jpg","Excise_stamp_0030.jpg","Excise_stamp_0031.jpg","Excise_stamp_0032.jpg","Excise_stamp_0033.jpg","Excise_stamp_0034.jpg","Excise_stamp_0035.jpg","Excise_stamp_0036.jpg","Excise_stamp_0037.jpg","Excise_stamp_0038.jpg","Excise_stamp_0039.jpg","Excise_stamp_0040.jpg","Excise_stamp_0041.jpg","Excise_stamp_0042.jpg","Excise_stamp_0043.jpg","Excise_stamp_0044.jpg","Excise_stamp_0045.jpg","Excise_stamp_0047.jpg","Excise_stamp_0048.jpg","Excise_stamp_0050.jpg","Excise_stamp_0051.jpg","Excise_stamp_0052.jpg","Excise_stamp_0054.jpg","Excise_stamp_0055.jpg","Special_0008.jpg","Special_0009.jpg","Special_0012.jpg","Special_0014.jpg","Special_0018.jpg","Special_0064.jpg","Special_0071.jpg","Special_0094.jpg","Special_0102.jpg","Special_0104.jpg","Special_0107.jpg","Special_0109.jpg","Special_0110.jpg","Special_0130.jpg","Special_0148.jpg","Special_0153.jpg","Special_0177.jpeg","Special_0242.jpg","Special_0243.jpg","Special_0251.jpg","Special_0256.jpg","Special_0257.jpg","Special_0265.jpg","Special_0270.jpg","Special_0272.jpg","Special_0273.jpg","Special_0274.jpg","Special_0275.jpg","Special_0276.jpg","Special_0277.jpg","Special_0280.jpg","Special_0281.jpg","Special_0282.jpg","Special_0283.jpg","Special_0284.jpg","Special_0285.jpg","Special_0288.jpg","Special_0290.jpg","Special_0291.jpg","Special_0294.jpg","Special_0323.jpg"]},"isRemote":false}