{"results":[{"x1":277,"y4":2135,"x2":2334,"barcodeBytes":"","barcodeText":"><Conformitat><Op1>0</Op1><Op2>0</Op2><Annex_V><Tipus_Ascensor><Op1>0</Op1><Op2>0</Op2><OpMarcado>-1</OpMarcado></Tipus_Ascensor><Nom_Org/><Adreca_Org/><Num_Org/><Examen_CE/></Annex_V><Annex_XIII><Nom_Org/><Adreca_Org/><Num_Org/></Annex_XIII></Conformitat><Conformitat2><Op3>0</Op3><Op4>0</Op4><Op5>1</Op5><Op6>0</Op6><Annex_XIII_NoConf><Op1>0</Op1><Nom_Org/><Adreca_Org/><Num_Org/><Examen_CE/></Annex_XIII_NoConf><Annex_VI><Nom_Org/><Adreca_Org/><Num_Org/></Annex_VI><Annex_XII><Tipus_Annex><Op1>0</Op1><Op2>0</Op2><OpMarcado>-1</OpMarcado></Tipus_Annex><Nom_Org/><Adreca_Org/><Num_Org/><Examen_CE/></Annex_XII><Annex_X><Nom_Org>0213</Nom_Org><Adreca_Org>Terre 11 - 19</Adreca_Org><Num_Org>0099</Num_Org></Annex_X><Annex_XIII_2><Nom_Org/><Adreca_Org/><Num_Org/><Annex_XIII_2_NoConf><Op1>0</Op1><Nom_Org/><Adreca_Org/><Num_Org/><Examen_CE/></Annex_XIII_2_NoConf></Annex_XIII_2></Conformitat2><Observa","y1":1662,"y2":1662,"x4":277,"x3":2334,"barcodeFormat":"VNBarcodeSymbologyPDF417","y3":2135},{"barcodeBytes":"","y1":1126,"x1":275,"x3":2334,"y3":1616,"barcodeText":"m>125</Num><Esc_Pis_Porta/><Provincia>17</Provincia><CP>17002</CP><Poblacio>1181</Poblacio></Adreca_Local></Dades_Instalador><Dades_Qualificat><Check_2op><Op1>0</Op1><Op2>1</Op2><OpMarcado>1</OpMarcado></Check_2op><Norma_UNE/></Dades_Qualificat><Caracteristiques_AS2><Carac_Ascensor><Marca>Orona</Marca><Model>Model Orona </Model><Num_Serie>numserie 123456</Num_Serie></Carac_Ascensor><Any_Instalacio>2009</Any_Instalacio></Caracteristiques_AS2><Dades_Instalacio><Adreca_Local><Tipus_Via>C.</Tipus_Via><Adreca>terre </Adreca><Num>11-19</Num><Esc_Pis_Porta/><Provincia>08</Provincia><CP>08210</CP><Poblacio>2520</Poblacio></Adreca_Local></Dades_Instalacio><Normes><Check_2op><Op1>1</Op1><Op2>0</Op2><OpMarcado>0</OpMarcado></Check_2op><Descripcio_Norma/><Tipus_Normes><Check_2op><Op1>0</Op1><Op2>1</Op2><OpMarcado>1</OpMarcado></Check_2op><chkAltres>0</chkAltres><Norma_Altres/></Tipus_Normes></Normes","y4":1616,"y2":1126,"barcodeFormat":"VNBarcodeSymbologyPDF417","x2":2334,"x4":275},{"barcodeBytes":"","y1":2182,"x1":276,"x3":2336,"y3":2668,"barcodeText":"cions/><Signatura><Lloc>SAP Balmes</Lloc><Data>19/01/2009</Data></Signatura></AS2><AS3><Acta_Assaig_1><Dades_Ascensor><Num_RAE/></Dades_Ascensor><Dades_Responsable><Nom/><Primer_Cognom/><Segon_Cognom/><Carrec/></Dades_Responsable><Nom_Instalador><Nom/><Primer_Cognom/><Segon_Cognom/></Nom_Instalador><Norma_UNE/><Dades_Instalacio><Adreca_Local><Tipus_Via/><Adreca/><Num/><Esc_Pis_Porta/><Provincia/><CP/><Poblacio/></Adreca_Local></Dades_Instalacio><Num_Serie/><Annex_Assaig><Op1>0</Op1><Op2>0</Op2><OpMarcado>-1</OpMarcado></Annex_Assaig><Assaig_Final><Op1>0</Op1><Op2>0</Op2></Assaig_Final><Observacions/><Signatura><Lloc/><Data/></Signatura></Acta_Assaig_1><Acta_Assaig_2><Dades_Ascensor><Num_RAE/></Dades_Ascensor><Dades_Responsable><Nom>Perico</Nom><Primer_Cognom>Palotes</Primer_Cognom><Segon_Cognom/><Carrec>Carreg de PPPPPP</Carrec></Dades_Responsable><Tipus_Control><Op1>0</Op1><Op2>1</Op2><","y4":2668,"y2":2182,"barcodeFormat":"VNBarcodeSymbologyPDF417","x2":2336,"x4":276},{"barcodeBytes":"","y1":605,"x1":274,"x3":2333,"y3":1081,"barcodeText":"ocuments>Â· Model AS1 - SolÂ·licitud relativa a ascensors amb marcatge CEÂ· Model AS2 - DeclaraciÃ³ 'CE' de conformitat de l`aparell elevador-ascensorÂ· Model AS3 - Acta d`assaigs de control final d`aparells elevadors-ascensors amb marcatge CEÂ· Model AS4 - Llista de components de seguretat d`aparells elevadors-ascensors amb marcatge CEÂ· Expedient tÃ¨cnicÂ· PlÃ nol d'emplaÃ§ament i situaciÃ³Â· Contracte de mantenimentÂ· FotocÃ²pia DNI o NIF del/de la titular</Documents></AS1><AS2><Dades_Ascensor><Num_RAE/></Dades_Ascensor><Dades_Declaracio><Num_Declaracio>123456</Num_Declaracio><Nom>Pepito</Nom><Primer_Cognom>de los palotes</Primer_Cognom><Segon_Cognom/><Carrec>Representant de XXXXXXX</Carrec></Dades_Declaracio><Dades_Instalador><NIF>34766624P</NIF><Nom>Instalador nom</Nom><Primer_Cognom>instalador cog</Primer_Cognom><Segon_Cognom/><Adreca_Local><Tipus_Via>AV.</Tipus_Via><Adreca>pedralbes </Adreca><Nu","y4":1081,"y2":605,"barcodeFormat":"VNBarcodeSymbologyPDF417","x2":2333,"x4":274},{"barcodeBytes":"","y1":2709,"x1":278,"x3":2340,"y3":3197,"barcodeText":"/Tipus_Control><Nom_Instalador><Nom/><Primer_Cognom/><Segon_Cognom/></Nom_Instalador><Norma_UNE/><Dades_Organisme><Num_Organisme>0099</Num_Organisme><Nom_Organisme>0213</Nom_Organisme></Dades_Organisme><Dades_Instalacio><Adreca_Local><Tipus_Via>C.</Tipus_Via><Adreca>terre </Adreca><Num>11-19</Num><Esc_Pis_Porta/><Provincia>08</Provincia><CP>08210</CP><Poblacio>2520</Poblacio></Adreca_Local></Dades_Instalacio><Num_Serie>numserie 123456</Num_Serie><Tipus_Accionament><Op1>0</Op1><Op2>1</Op2><OpMarcado>1</OpMarcado></Tipus_Accionament><Requisits_Annex><Op1>0</Op1><Op2>1</Op2><Op3>0</Op3><OpMarcado>1</OpMarcado></Requisits_Annex><Observacions/><Signatura><Lloc>Sap BALMES</Lloc><Data>19/01/2009</Data></Signatura></Acta_Assaig_2></AS3><AS4><Dades_Ascensor><Num_RAE/></Dades_Ascensor><Dades_Instalacio><Adreca_Local><Tipus_Via>C.</Tipus_Via><Adreca>terre </Adreca><Num>11-19</Num><Esc_Pis_Porta/><P","y4":3197,"y2":2709,"barcodeFormat":"VNBarcodeSymbologyPDF417","x2":2340,"x4":278}],"elapsedTime":1031}