{"elapsedTime":539,"results":[{"y3":706,"x2":247,"x1":107,"barcodeText":"eEDVQKIPIA56122077411110000000000  01007201202202FRXYTFRXNA70625     202      2    B                              *      ","y4":706,"barcodeBytes":"","y2":476,"x4":107,"barcodeFormat":"VNBarcodeSymbologyPDF417","y1":476,"x3":247},{"y3":1335,"x2":254,"x1":106,"barcodeText":"eRIVQKIPIA56122094011110000000000  01007201202205FRXNAESBST09743     2020020531    AG                                    ","y4":1335,"barcodeBytes":"","y2":1093,"x4":106,"barcodeFormat":"VNBarcodeSymbologyPDF417","y1":1093,"x3":254}]}